-- --------------------------------------------------------
-- Хост:                         127.0.0.1
-- Версия сервера:               10.1.37-MariaDB - mariadb.org binary distribution
-- Операционная система:         Win32
-- HeidiSQL Версия:              10.2.0.5762
-- --------------------------------------------------------

/*!40101 SET @OLD_CHARACTER_SET_CLIENT=@@CHARACTER_SET_CLIENT */;
/*!40101 SET NAMES utf8 */;
/*!50503 SET NAMES utf8mb4 */;
/*!40014 SET @OLD_FOREIGN_KEY_CHECKS=@@FOREIGN_KEY_CHECKS, FOREIGN_KEY_CHECKS=0 */;
/*!40101 SET @OLD_SQL_MODE=@@SQL_MODE, SQL_MODE='NO_AUTO_VALUE_ON_ZERO' */;


-- Дамп структуры базы данных komus_new
CREATE DATABASE IF NOT EXISTS `komus_new` /*!40100 DEFAULT CHARACTER SET utf8 */;
USE `komus_new`;

-- Дамп структуры для таблица komus_new.calls
CREATE TABLE IF NOT EXISTS `calls` (
  `id` int(11) NOT NULL AUTO_INCREMENT,
  `begin_time` datetime DEFAULT NULL,
  `end_time` datetime DEFAULT NULL,
  `recall_time` datetime DEFAULT NULL,
  `status` varchar(50) DEFAULT NULL,
  `contacts_id` int(11) NOT NULL,
  PRIMARY KEY (`id`),
  KEY `fk_calls_contacts1_idx` (`contacts_id`),
  CONSTRAINT `fk_calls_contacts1` FOREIGN KEY (`contacts_id`) REFERENCES `contacts` (`id`) ON UPDATE CASCADE
) ENGINE=InnoDB AUTO_INCREMENT=101 DEFAULT CHARSET=utf8 PACK_KEYS=0 ROW_FORMAT=DYNAMIC;

-- Дамп данных таблицы komus_new.calls: ~100 rows (приблизительно)
/*!40000 ALTER TABLE `calls` DISABLE KEYS */;
REPLACE INTO `calls` (`id`, `begin_time`, `end_time`, `recall_time`, `status`, `contacts_id`) VALUES
	(1, '1975-01-11 05:47:42', '1989-05-02 08:14:46', '1982-07-05 13:25:57', 'перезвон', 88),
	(2, '2009-05-09 07:22:20', '1974-04-28 00:16:31', '2004-03-04 18:58:19', 'перезвон', 53),
	(3, '2015-07-26 16:16:01', '1991-03-30 09:07:31', '1984-01-18 21:25:21', 'перезвон', 84),
	(4, '2004-01-06 04:09:56', '1985-08-19 22:51:10', '2019-11-28 22:07:15', 'перезвон', 73),
	(5, '2019-06-15 21:25:52', '2007-03-09 23:50:14', '1981-02-24 10:21:17', 'перезвон', 50),
	(6, '1985-02-27 04:37:20', '2011-07-07 04:39:09', '2015-11-03 09:55:54', 'перезвон', 48),
	(7, '2008-08-13 06:25:04', '1990-08-16 08:43:45', '1973-05-31 10:17:05', 'перезвон', 75),
	(8, '1976-06-14 18:30:57', '1999-10-17 22:49:31', '1996-02-20 21:25:03', 'перезвон', 28),
	(9, '1988-06-13 13:53:51', '1983-07-29 05:35:59', '1993-06-24 08:08:09', 'перезвон', 60),
	(10, '2015-08-23 18:59:21', '2008-02-24 08:08:37', '1993-01-01 14:07:16', 'перезвон', 34),
	(11, '2000-02-10 02:06:15', '1981-11-25 19:01:59', '1976-01-07 07:56:26', 'перезвон', 33),
	(12, '1988-01-04 16:04:47', '2006-07-31 13:31:06', '1982-08-16 10:44:29', 'перезвон', 46),
	(13, '2019-08-07 19:00:59', '1976-08-28 10:13:38', '1981-04-25 08:20:38', 'перезвон', 47),
	(14, '1995-10-21 23:07:47', '1981-08-13 20:55:29', '1986-02-10 07:12:06', 'перезвон', 94),
	(15, '1987-01-16 00:25:58', '1970-06-12 21:24:37', '2014-09-14 12:12:40', 'перезвон', 70),
	(16, '2018-09-01 10:24:14', '1987-11-01 07:54:48', '2015-06-30 10:27:46', 'перезвон', 90),
	(17, '1979-11-09 14:31:23', '1975-08-29 12:15:13', '1988-10-13 18:22:28', 'перезвон', 44),
	(18, '1983-04-20 03:48:11', '1995-03-09 14:21:07', '2006-12-15 18:28:10', 'перезвон', 41),
	(19, '1998-06-04 15:36:01', '2004-04-17 08:15:42', '1983-02-18 01:31:13', 'перезвон', 95),
	(20, '1971-02-25 17:04:04', '1970-03-06 00:17:27', '1999-03-14 10:50:11', 'перезвон', 57),
	(21, '1988-07-08 07:57:06', '1993-08-10 15:35:58', '2003-12-21 04:57:04', 'перезвон', 50),
	(22, '1982-07-13 02:51:17', '1981-09-17 00:47:56', '2003-09-04 18:49:59', 'перезвон', 97),
	(23, '1987-07-18 03:16:26', '2006-01-01 08:09:18', '2001-03-18 12:04:52', 'перезвон', 68),
	(24, '1994-05-23 11:57:34', '1980-05-19 13:39:21', '1975-02-11 19:26:57', 'перезвон', 49),
	(25, '2001-03-21 13:31:30', '1975-10-16 07:28:51', '1988-05-11 02:37:48', 'перезвон', 59),
	(26, '2017-12-26 21:02:28', '1991-05-12 18:57:33', '1979-01-01 18:40:32', 'перезвон', 36),
	(27, '1994-04-30 09:43:21', '1976-10-13 05:16:20', '1971-04-25 21:38:51', 'перезвон', 77),
	(28, '2009-11-30 09:22:52', '2004-04-15 12:44:51', '2012-06-07 16:22:57', 'перезвон', 80),
	(29, '1994-03-15 02:30:15', '1990-11-07 21:53:38', '1992-06-25 17:32:36', 'перезвон', 74),
	(30, '1988-05-13 08:39:55', '2005-06-06 10:02:21', '1986-05-19 06:59:16', 'перезвон', 54),
	(31, '1983-03-09 05:20:44', '2014-10-20 01:21:05', '1999-09-23 22:42:57', 'перезвон', 56),
	(32, '2003-11-03 15:22:44', '1987-06-23 05:43:00', '2017-10-02 15:24:07', 'перезвон', 80),
	(33, '1973-01-28 17:19:08', '2008-12-10 02:23:49', '1999-02-04 18:12:26', 'перезвон', 41),
	(34, '1993-11-09 21:34:41', '2015-01-25 19:58:37', '1990-04-25 22:55:25', 'перезвон', 55),
	(35, '1997-10-21 03:58:08', '2015-12-31 07:51:07', '1998-08-13 13:09:39', 'перезвон', 72),
	(36, '2005-11-14 03:51:32', '1978-08-11 18:36:47', '1983-04-17 10:11:24', 'перезвон', 34),
	(37, '2008-07-28 06:43:38', '2014-11-28 02:15:26', '1998-05-07 01:21:42', 'перезвон', 68),
	(38, '1973-08-31 08:56:51', '1994-09-30 16:54:07', '2012-01-29 20:52:16', 'перезвон', 89),
	(39, '2004-04-13 14:17:04', '2009-10-22 10:07:08', '1995-03-29 14:12:49', 'перезвон', 69),
	(40, '1989-06-10 20:13:55', '2002-07-31 13:31:56', '1978-12-23 06:23:43', 'перезвон', 34),
	(41, '2003-09-27 19:29:51', '1985-09-24 01:23:33', '1977-12-15 16:04:33', 'перезвон', 40),
	(42, '1998-10-02 02:39:20', '1970-07-25 14:28:21', '1995-02-11 05:34:38', 'перезвон', 74),
	(43, '1974-10-08 18:43:42', '2002-04-24 23:29:02', '2011-05-12 23:18:41', 'перезвон', 79),
	(44, '2017-08-03 11:24:10', '1981-10-30 18:08:43', '2018-07-19 05:20:59', 'перезвон', 34),
	(45, '1976-10-22 05:10:41', '2001-11-13 06:11:30', '1975-06-26 12:11:01', 'перезвон', 63),
	(46, '1986-01-26 23:20:04', '2016-06-14 02:51:42', '1997-12-04 04:21:35', 'перезвон', 93),
	(47, '1991-07-06 15:24:39', '1986-08-05 02:35:47', '1998-07-22 09:28:34', 'перезвон', 39),
	(48, '1970-02-10 12:41:00', '1980-09-10 02:27:21', '2015-11-01 12:05:12', 'перезвон', 33),
	(49, '1976-12-23 02:50:24', '1986-03-24 18:58:38', '1998-04-02 09:19:24', 'перезвон', 50),
	(50, '1983-11-08 04:53:42', '1988-11-02 00:48:29', '1976-04-10 09:48:49', 'перезвон', 98),
	(51, '1972-06-11 22:00:02', '1994-05-17 03:51:17', '2015-06-21 20:46:44', 'перезвон', 39),
	(52, '1976-08-29 10:20:13', '1984-12-10 23:15:32', '2006-12-26 08:45:19', 'перезвон', 93),
	(53, '2000-10-09 21:01:33', '1971-09-04 13:56:52', '1977-09-28 12:30:01', 'перезвон', 34),
	(54, '2005-12-08 17:32:57', '1999-10-05 14:53:49', '1976-07-19 17:03:39', 'перезвон', 55),
	(55, '2004-12-07 23:41:20', '2018-07-03 00:42:37', '1996-11-30 18:18:05', 'перезвон', 57),
	(56, '1997-11-04 20:26:23', '1997-02-10 20:39:40', '1996-06-15 18:16:20', 'перезвон', 58),
	(57, '1991-10-27 23:35:58', '2016-08-27 02:23:38', '1987-04-14 03:11:52', 'перезвон', 86),
	(58, '1988-09-25 12:54:17', '2008-09-16 09:13:28', '1982-05-05 00:21:56', 'перезвон', 32),
	(59, '2012-03-04 20:41:50', '1995-01-06 14:25:39', '1983-11-29 00:57:09', 'перезвон', 90),
	(60, '2012-03-04 11:38:23', '1980-09-09 01:33:20', '1999-08-15 13:07:58', 'перезвон', 45),
	(61, '1971-01-22 08:26:29', '1982-01-08 01:46:40', '1988-01-02 01:28:03', 'перезвон', 85),
	(62, '1985-06-26 18:22:22', '1987-06-24 14:31:55', '1971-04-08 07:00:18', 'перезвон', 66),
	(63, '1980-12-22 23:51:26', '2009-02-21 18:36:49', '2017-08-15 15:08:10', 'перезвон', 71),
	(64, '1975-03-29 03:46:16', '1981-07-11 11:51:58', '2013-10-26 05:36:18', 'перезвон', 42),
	(65, '2006-02-04 01:41:58', '1982-12-08 21:32:40', '1998-03-11 10:19:40', 'перезвон', 39),
	(66, '2002-03-18 02:19:58', '1982-12-04 23:47:22', '2011-05-19 07:05:07', 'перезвон', 64),
	(67, '2000-06-09 10:09:43', '1975-10-08 06:13:17', '1999-09-02 21:29:04', 'перезвон', 30),
	(68, '1977-06-22 20:47:13', '2011-05-22 14:12:38', '2015-06-27 08:20:52', 'перезвон', 43),
	(69, '1984-03-27 13:12:09', '2006-02-08 19:47:19', '2013-06-18 01:35:58', 'перезвон', 40),
	(70, '1972-02-25 14:53:12', '1976-01-01 06:12:02', '2005-06-11 06:27:33', 'перезвон', 43),
	(71, '1986-04-08 04:19:50', '1984-07-12 03:27:08', '1975-11-01 17:56:15', 'перезвон', 83),
	(72, '1983-12-05 20:03:43', '2002-04-04 10:49:47', '1971-04-27 06:10:20', 'перезвон', 27),
	(73, '2000-08-06 13:00:04', '1986-04-18 07:04:10', '1987-11-25 04:13:01', 'перезвон', 40),
	(74, '1997-09-02 18:22:18', '1993-11-17 15:06:34', '1970-12-21 18:25:14', 'перезвон', 46),
	(75, '2002-12-15 23:39:04', '1974-12-19 12:10:11', '2014-07-23 07:28:20', 'перезвон', 27),
	(76, '1985-03-04 11:55:57', '1979-02-18 14:09:46', '1998-08-30 06:45:34', 'перезвон', 96),
	(77, '2018-08-04 11:54:20', '1984-01-01 23:26:29', '1970-12-10 11:56:03', 'перезвон', 76),
	(78, '2011-09-01 00:22:51', '1993-01-12 12:01:22', '2004-01-27 16:13:00', 'перезвон', 92),
	(79, '1983-10-15 09:55:16', '1979-01-19 11:58:16', '1982-06-18 22:18:53', 'перезвон', 64),
	(80, '2010-11-25 17:52:55', '2001-06-08 05:41:00', '1978-06-23 23:30:14', 'перезвон', 34),
	(81, '1994-06-17 15:40:12', '1993-10-07 23:28:29', '1989-01-03 05:34:05', 'перезвон', 87),
	(82, '2001-04-18 14:46:11', '2011-06-12 10:48:21', '2014-11-04 16:39:29', 'перезвон', 40),
	(83, '2014-11-05 18:39:09', '2016-12-26 09:33:15', '1980-11-13 15:16:56', 'перезвон', 32),
	(84, '2017-05-17 18:49:22', '2001-08-11 22:02:37', '2006-08-13 19:22:50', 'перезвон', 63),
	(85, '1978-05-06 06:18:04', '1986-12-04 01:49:49', '2006-10-18 18:58:11', 'перезвон', 43),
	(86, '2003-06-19 05:56:44', '1970-07-22 09:44:20', '1985-04-08 15:30:45', 'перезвон', 83),
	(87, '2010-06-06 19:44:47', '1972-03-01 12:44:36', '1999-09-06 20:00:19', 'перезвон', 42),
	(88, '1989-03-24 02:06:31', '2013-02-04 00:45:35', '1988-01-22 16:15:06', 'перезвон', 41),
	(89, '1996-12-20 07:25:11', '1999-05-06 01:21:37', '2009-12-04 19:29:40', 'перезвон', 96),
	(90, '2011-05-12 04:04:03', '1979-08-14 08:53:08', '1986-12-05 18:50:24', 'перезвон', 42),
	(91, '2009-03-10 01:03:41', '1979-06-20 21:57:34', '1974-04-10 04:23:19', 'перезвон', 80),
	(92, '2011-11-14 03:12:44', '1982-09-25 21:39:33', '1994-08-02 12:22:27', 'перезвон', 30),
	(93, '1983-02-01 21:28:48', '2019-04-03 03:36:09', '1993-08-19 04:49:28', 'перезвон', 60),
	(94, '2017-06-21 11:52:50', '1977-07-30 05:15:46', '1978-10-11 08:30:12', 'перезвон', 80),
	(95, '1980-12-09 17:18:46', '1979-12-31 13:00:14', '1980-09-25 02:22:15', 'перезвон', 90),
	(96, '1982-06-10 04:17:58', '1983-10-07 03:59:03', '1984-12-06 08:07:27', 'перезвон', 84),
	(97, '1987-08-24 03:50:39', '2007-07-26 19:17:14', '2015-06-05 07:04:41', 'перезвон', 49),
	(98, '1977-10-04 23:48:00', '2018-06-12 12:55:20', '2017-12-25 22:37:26', 'перезвон', 74),
	(99, '1982-02-17 19:24:48', '1995-11-29 09:24:17', '2003-11-11 09:14:34', 'перезвон', 39),
	(100, '1974-08-06 21:25:57', '1978-11-05 06:01:21', '2014-09-07 21:33:29', 'перезвон', 30);
/*!40000 ALTER TABLE `calls` ENABLE KEYS */;

-- Дамп структуры для таблица komus_new.contacts
CREATE TABLE IF NOT EXISTS `contacts` (
  `id` int(11) NOT NULL AUTO_INCREMENT,
  `creation_time` datetime DEFAULT NULL,
  `city` varchar(255) DEFAULT NULL,
  `organization` varchar(100) DEFAULT NULL,
  `address` varchar(255) DEFAULT NULL,
  `fio` varchar(255) DEFAULT NULL,
  `phone` varchar(255) DEFAULT NULL,
  `email` varchar(100) DEFAULT NULL,
  `category` varchar(255) DEFAULT NULL,
  `subcategory` varchar(255) DEFAULT NULL,
  `question` text,
  `allow_call` tinyint(1) unsigned NOT NULL DEFAULT '1',
  `comment` text CHARACTER SET cp1251,
  `regions_id` int(11) NOT NULL,
  `users_user_id` int(10) NOT NULL,
  PRIMARY KEY (`id`),
  KEY `fk_contacts_regions1_idx` (`regions_id`),
  KEY `fk_contacts_users1_idx` (`users_user_id`),
  CONSTRAINT `fk_contacts_regions1` FOREIGN KEY (`regions_id`) REFERENCES `regions` (`id`) ON UPDATE CASCADE,
  CONSTRAINT `fk_contacts_users1` FOREIGN KEY (`users_user_id`) REFERENCES `users` (`user_id`) ON UPDATE CASCADE
) ENGINE=InnoDB AUTO_INCREMENT=101 DEFAULT CHARSET=utf8 PACK_KEYS=0 ROW_FORMAT=DYNAMIC;

-- Дамп данных таблицы komus_new.contacts: ~100 rows (приблизительно)
/*!40000 ALTER TABLE `contacts` DISABLE KEYS */;
REPLACE INTO `contacts` (`id`, `creation_time`, `city`, `organization`, `address`, `fio`, `phone`, `email`, `category`, `subcategory`, `question`, `allow_call`, `comment`, `regions_id`, `users_user_id`) VALUES
	(1, '2019-12-05 09:22:08', 'Lake Breanaborough', 'Cruickshank-Harris', '44635 Rodriguez Place Suite 586', 'Cecile Kutch', '716.835.4568', 'konopelski.kaleb@yahoo.com', 'category ut', 'subcategory a', 'question quibusdam', 1, 'comment numquam', 43, 1),
	(2, '2019-12-05 09:22:08', 'Kreigerview', 'Green-Kiehn', '661 Frederique Crossroad Apt. 149', 'Julio Marquardt', '(534) 493-1207', 'beier.shad@gmail.com', 'category error', 'subcategory aut', 'question debitis', 1, 'comment quos', 39, 1),
	(3, '2019-12-05 09:22:08', 'New Uliseston', 'Hayes Ltd', '50720 Stanton Tunnel', 'Cloyd Wolf', '1-949-401-0390 x6592', 'xlittle@boehm.com', 'category vitae', 'subcategory aliquid', 'question adipisci', 1, 'comment quasi', 94, 2),
	(4, '2019-12-05 09:22:08', 'Lake Reece', 'Schultz-Stracke', '8640 Cremin Wall', 'Prof. Rodolfo Toy DDS', '(353) 782-9572', 'asa.kilback@gmail.com', 'category voluptas', 'subcategory delectus', 'question voluptate', 1, 'comment est', 78, 2),
	(5, '2019-12-05 09:22:08', 'East Sidport', 'Howell, Kozey and Heaney', '56563 Ford Cliffs', 'Wayne Bergnaum', '846-780-9405', 'klocko.eudora@hill.net', 'category sed', 'subcategory repudiandae', 'question numquam', 1, 'comment eius', 33, 3),
	(6, '2019-12-05 09:22:08', 'Littlefurt', 'McDermott Group', '4586 Carmela Trail Apt. 458', 'Dr. Buford Watsica MD', '(868) 465-5440', 'emmet.blick@hotmail.com', 'category ut', 'subcategory earum', 'question quia', 1, 'comment aut', 47, 1),
	(7, '2019-12-05 09:22:08', 'Port Freddy', 'Miller and Sons', '1887 Armstrong Isle', 'Alberto Feest', '318.216.0668 x27250', 'tatyana98@yahoo.com', 'category illum', 'subcategory enim', 'question soluta', 1, 'comment autem', 69, 1),
	(8, '2019-12-05 09:22:08', 'Lake Maribel', 'Ondricka, Prohaska and Bogisich', '776 Schmidt Track', 'Charity O\'Conner II', '379.394.5193', 'dino12@yahoo.com', 'category et', 'subcategory laudantium', 'question incidunt', 1, 'comment dicta', 79, 1),
	(9, '2019-12-05 09:22:08', 'South Veronica', 'Willms-Russel', '2532 Feeney Port', 'Marcelina Howell', '1-239-734-0088 x6465', 'ztrantow@gmail.com', 'category atque', 'subcategory dolorem', 'question alias', 1, 'comment aperiam', 34, 1),
	(10, '2019-12-05 09:22:08', 'Farrellville', 'Sawayn LLC', '49541 Shaniya Fields Apt. 250', 'Kelley Wilkinson', '1-781-436-5912 x71196', 'schultz.trisha@kirlin.com', 'category consequatur', 'subcategory tempore', 'question fugiat', 1, 'comment hic', 59, 3),
	(11, '2019-12-05 09:22:08', 'Lake Anyaland', 'Huels Ltd', '18840 Mohamed Glens Apt. 309', 'Giovanna Ward', '+1.620.599.3820', 'bmohr@gmail.com', 'category accusamus', 'subcategory officia', 'question eligendi', 1, 'comment culpa', 75, 1),
	(12, '2019-12-05 09:22:08', 'Orionland', 'Legros-Mante', '878 VonRueden Crossroad', 'Bryon Gottlieb', '1-743-788-0117', 'steve.anderson@stroman.com', 'category voluptatibus', 'subcategory voluptate', 'question dolorem', 1, 'comment pariatur', 42, 1),
	(13, '2019-12-05 09:22:08', 'Mannmouth', 'Ryan Ltd', '21379 Hahn Hollow', 'Elvera Ledner', '+1 (253) 322-4556', 'katharina92@gmail.com', 'category nostrum', 'subcategory vero', 'question voluptas', 1, 'comment est', 54, 1),
	(14, '2019-12-05 09:22:08', 'Port Lavon', 'Christiansen, Bruen and Weissnat', '468 Burley Mission Suite 461', 'Destinee Dietrich', '243-491-9388', 'corwin.kylie@hotmail.com', 'category at', 'subcategory voluptatem', 'question nulla', 1, 'comment blanditiis', 90, 3),
	(15, '2019-12-05 09:22:08', 'Feltonside', 'Feeney-Gleichner', '4971 Torphy Creek', 'Erica Cole Sr.', '1-261-382-0561 x7488', 'damore.nannie@collier.com', 'category temporibus', 'subcategory et', 'question asperiores', 1, 'comment necessitatibus', 93, 3),
	(16, '2019-12-05 09:22:08', 'Port Marge', 'Tremblay-Muller', '786 Greenholt Glens Apt. 365', 'Dr. Elna Fritsch', '+1 (729) 723-6574', 'lucile27@beatty.org', 'category ut', 'subcategory dolores', 'question modi', 1, 'comment dicta', 44, 2),
	(17, '2019-12-05 09:22:08', 'Reillyport', 'Rohan, Beahan and Cummings', '66074 Abbey Forges Apt. 544', 'Gianni Gislason', '1-529-282-5176', 'kmedhurst@cummings.biz', 'category repellat', 'subcategory tenetur', 'question eius', 1, 'comment accusantium', 34, 1),
	(18, '2019-12-05 09:22:08', 'Quigleybury', 'Murphy Group', '817 Pink Crossing', 'Sandra Farrell', '+16784711008', 'gwendolyn06@hotmail.com', 'category cupiditate', 'subcategory dolore', 'question dolores', 1, 'comment et', 58, 1),
	(19, '2019-12-05 09:22:08', 'Clotildeborough', 'Quitzon-Schroeder', '26440 McGlynn Common Suite 643', 'Lucinda Block', '1-490-545-2813 x370', 'dimitri.franecki@schaden.net', 'category impedit', 'subcategory quas', 'question qui', 1, 'comment enim', 75, 1),
	(20, '2019-12-05 09:22:08', 'Christinefort', 'Lang, Willms and Powlowski', '796 Mara Loop Apt. 051', 'Floy Wilkinson', '997.716.5914 x72644', 'harmony71@reynolds.com', 'category id', 'subcategory consequatur', 'question enim', 1, 'comment incidunt', 50, 1),
	(21, '2019-12-05 09:22:08', 'West Dashawnfurt', 'Larson-Buckridge', '14319 Labadie Plain Suite 151', 'Mr. Lionel Satterfield', '(568) 353-7997 x017', 'durgan.shannon@gmail.com', 'category asperiores', 'subcategory laboriosam', 'question officia', 1, 'comment hic', 76, 1),
	(22, '2019-12-05 09:22:08', 'West Karolann', 'Hickle Inc', '69030 Conn Burg Apt. 055', 'June Lesch', '1-994-208-1832 x563', 'collier.vena@gmail.com', 'category quam', 'subcategory aspernatur', 'question aut', 1, 'comment autem', 81, 1),
	(23, '2019-12-05 09:22:08', 'South Rigobertoville', 'Marquardt Inc', '64380 Nikolaus Groves', 'Dr. Emil Stark III', '742-378-2351', 'darren.kirlin@block.org', 'category et', 'subcategory itaque', 'question omnis', 1, 'comment maiores', 56, 1),
	(24, '2019-12-05 09:22:08', 'Marcelinohaven', 'Casper, Stamm and Von', '991 Jefferey Pine', 'Prof. Selina Sauer V', '(616) 277-0627', 'camron41@yahoo.com', 'category molestiae', 'subcategory delectus', 'question esse', 1, 'comment vero', 86, 3),
	(25, '2019-12-05 09:22:08', 'Magnoliafurt', 'Ankunding-Kling', '228 Keebler Forest', 'Prof. Casimir Hirthe II', '1-834-587-6504 x91482', 'estel.stroman@quigley.info', 'category minus', 'subcategory omnis', 'question et', 1, 'comment qui', 75, 3),
	(26, '2019-12-05 09:22:08', 'Millerstad', 'Gorczany, Kuhic and Bradtke', '41424 Mauricio Ford Suite 161', 'Hazle Bednar', '323-348-0399', 'valentin64@gmail.com', 'category nulla', 'subcategory adipisci', 'question quaerat', 1, 'comment ut', 37, 2),
	(27, '2019-12-05 09:22:08', 'Ferryton', 'Bahringer-Anderson', '1940 Jerome Canyon', 'Miss Margarete Cole Jr.', '(373) 797-9736', 'rtillman@pacocha.org', 'category beatae', 'subcategory eum', 'question quia', 1, 'comment odit', 13, 3),
	(28, '2019-12-05 09:22:08', 'Shanahanfurt', 'Halvorson, Labadie and Mann', '3739 Mertz Trace', 'Lenna Thompson', '+13438839194', 'raynor.layla@dubuque.com', 'category fuga', 'subcategory ea', 'question voluptatibus', 1, 'comment sint', 73, 3),
	(29, '2019-12-05 09:22:08', 'Trentonburgh', 'Schmeler-Koss', '93395 McCullough Estate', 'Terrence Blick', '1-423-953-5041 x0038', 'liliana44@gmail.com', 'category vitae', 'subcategory voluptas', 'question laborum', 1, 'comment earum', 69, 3),
	(30, '2019-12-05 09:22:08', 'East Ewaldtown', 'Block-Gerhold', '1873 Arturo Station Apt. 424', 'Lottie Heidenreich', '(378) 260-2207', 'thompson.emmie@hotmail.com', 'category eos', 'subcategory aliquam', 'question id', 1, 'comment illum', 83, 3),
	(31, '2019-12-05 09:22:08', 'Nicolasmouth', 'Yost-Morissette', '36227 Quinten Union', 'Kailee Dicki', '971-603-9258 x8318', 'lee79@konopelski.com', 'category dolore', 'subcategory dolorum', 'question in', 1, 'comment iure', 14, 1),
	(32, '2019-12-05 09:22:08', 'North Raphaellestad', 'Cremin Inc', '2643 Kristoffer Summit', 'Frida Rogahn', '1-845-345-1490 x306', 'luella.hane@yahoo.com', 'category et', 'subcategory sit', 'question eligendi', 1, 'comment rem', 67, 3),
	(33, '2019-12-05 09:22:08', 'Reesefort', 'Connelly PLC', '43700 Devante Ports', 'Mr. Harvey Kohler V', '641-610-4913 x8725', 'rdickens@gleason.biz', 'category praesentium', 'subcategory expedita', 'question dolorem', 1, 'comment qui', 51, 2),
	(34, '2019-12-05 09:22:08', 'Port Garry', 'Nader PLC', '44074 Ahmed Garden Suite 977', 'Prof. Margaret Kling IV', '225-224-9912', 'schulist.reyes@gmail.com', 'category explicabo', 'subcategory iure', 'question at', 1, 'comment sit', 64, 1),
	(35, '2019-12-05 09:22:08', 'Lake Loren', 'Graham-Stanton', '9549 Everette Rest Apt. 392', 'Zack Braun', '(575) 491-3452', 'margaret.hudson@schmeler.biz', 'category reiciendis', 'subcategory blanditiis', 'question saepe', 1, 'comment perferendis', 91, 2),
	(36, '2019-12-05 09:22:08', 'Port Terry', 'Mertz-Lockman', '1957 Laverne Fork', 'Prof. Odie Feeney Sr.', '543.430.9838', 'vandervort.archibald@marquardt.com', 'category doloremque', 'subcategory similique', 'question inventore', 1, 'comment ab', 55, 3),
	(37, '2019-12-05 09:22:08', 'Adrianastad', 'Ondricka Inc', '2388 Shields Corner Suite 494', 'Mr. Hardy King', '298.875.2768', 'jovani16@yahoo.com', 'category ab', 'subcategory facilis', 'question voluptatem', 1, 'comment libero', 42, 2),
	(38, '2019-12-05 09:22:08', 'Wildermanstad', 'Tromp-Kuhlman', '6026 Torrey Road Suite 016', 'Orin Lowe', '1-560-374-4025', 'thiel.fern@hotmail.com', 'category omnis', 'subcategory tempora', 'question quos', 1, 'comment id', 60, 2),
	(39, '2019-12-05 09:22:08', 'New Lonzomouth', 'Jast Ltd', '2644 Blanca Tunnel', 'Dr. Eddie Will', '1-809-638-1364 x091', 'fhodkiewicz@ullrich.com', 'category ut', 'subcategory nesciunt', 'question et', 1, 'comment sequi', 76, 2),
	(40, '2019-12-05 09:22:08', 'South Scotty', 'Turcotte, Bayer and Rogahn', '2856 Ricky Village Suite 981', 'Jessica Murphy', '+1 (974) 557-7764', 'fredrick.borer@johns.com', 'category necessitatibus', 'subcategory eligendi', 'question magni', 1, 'comment corrupti', 53, 3),
	(41, '2019-12-05 09:22:08', 'West Justina', 'Ratke, Rutherford and Schoen', '838 Boyer Prairie', 'Jolie Koch', '1-745-206-5461 x932', 'ubradtke@gmail.com', 'category iure', 'subcategory voluptas', 'question illo', 1, 'comment inventore', 19, 1),
	(42, '2019-12-05 09:22:08', 'North Jordan', 'Parker Inc', '96891 Mante Walks', 'Misty Robel II', '695-372-3220 x171', 'denesik.maximo@ankunding.org', 'category earum', 'subcategory deserunt', 'question voluptatibus', 1, 'comment rerum', 38, 2),
	(43, '2019-12-05 09:22:08', 'North Justice', 'Harris, Buckridge and McClure', '6371 Abdiel Coves Suite 286', 'Wiley Stracke I', '1-346-812-0935 x00448', 'lonzo.bogan@wiza.com', 'category sed', 'subcategory laboriosam', 'question et', 1, 'comment minus', 22, 1),
	(44, '2019-12-05 09:22:08', 'Lake Alyshamouth', 'Hills-O\'Conner', '3075 Koelpin Parks Suite 804', 'Precious Reinger', '+19394503821', 'tkoss@yahoo.com', 'category sint', 'subcategory fugit', 'question repellendus', 1, 'comment non', 43, 2),
	(45, '2019-12-05 09:22:08', 'East Minamouth', 'Prohaska-Kuhic', '934 Bednar Crescent Suite 339', 'Winifred Corkery DVM', '(846) 272-3118 x12701', 'fred.jaskolski@hotmail.com', 'category ab', 'subcategory tempore', 'question vel', 1, 'comment corrupti', 61, 2),
	(46, '2019-12-05 09:22:08', 'Tillmanborough', 'Towne, Kemmer and Barrows', '432 Petra Bridge Apt. 471', 'Miss Izabella Franecki I', '256.650.3031', 'mosciski.serenity@yahoo.com', 'category placeat', 'subcategory consequatur', 'question molestiae', 1, 'comment qui', 75, 1),
	(47, '2019-12-05 09:22:08', 'New Terrenceton', 'Feeney Group', '63755 Jazmyne Fall Apt. 400', 'Miss Delta Lowe Jr.', '(337) 364-1450', 'haley.vivian@gmail.com', 'category voluptatem', 'subcategory ullam', 'question voluptatem', 1, 'comment aut', 54, 1),
	(48, '2019-12-05 09:22:08', 'Lake Roytown', 'Hudson-Weimann', '2088 Kohler Fall', 'Hazle Pouros', '1-473-856-1775', 'pearline.langosh@yahoo.com', 'category mollitia', 'subcategory quia', 'question et', 1, 'comment alias', 50, 1),
	(49, '2019-12-05 09:22:08', 'Rempelfurt', 'Bergstrom LLC', '709 Raynor Ridges Suite 411', 'Miss Krystel Blick Sr.', '346-214-8257 x559', 'marietta91@yahoo.com', 'category quia', 'subcategory cumque', 'question officiis', 1, 'comment id', 43, 3),
	(50, '2019-12-05 09:22:08', 'Huelsshire', 'Larson, Skiles and Mills', '61169 Carroll Mews Apt. 721', 'Miss Magdalena Green II', '824-431-3002', 'cyrus86@lehner.com', 'category et', 'subcategory amet', 'question officia', 1, 'comment quam', 36, 3),
	(51, '2019-12-05 09:22:08', 'South Giuseppe', 'Hilpert Group', '610 Rasheed Flat', 'Lola Walsh I', '957-414-2429', 'rcormier@gmail.com', 'category sint', 'subcategory non', 'question impedit', 1, 'comment non', 73, 3),
	(52, '2019-12-05 09:22:08', 'North Jeremyburgh', 'Schuster, Upton and Christiansen', '92441 Goldner Underpass', 'Adrian Kerluke', '1-917-589-8273 x64503', 'ruecker.rosetta@yahoo.com', 'category quae', 'subcategory quibusdam', 'question natus', 1, 'comment voluptate', 52, 3),
	(53, '2019-12-05 09:22:08', 'East Rasheed', 'Boyer, Windler and Williamson', '607 Candice Track', 'Margaret Osinski', '1-445-432-5501 x4147', 'jazmyne75@hotmail.com', 'category distinctio', 'subcategory est', 'question sit', 1, 'comment accusantium', 22, 1),
	(54, '2019-12-05 09:22:08', 'Lake Alaina', 'Boyer PLC', '32693 Yost Canyon Suite 224', 'Filiberto Morissette', '(284) 205-2944', 'reilly.weimann@gmail.com', 'category aut', 'subcategory amet', 'question enim', 1, 'comment quod', 26, 1),
	(55, '2019-12-05 09:22:08', 'North Joelle', 'Huel-Schowalter', '384 Hillary Village', 'Prof. Iva Runolfsson Sr.', '(282) 277-4522 x934', 'weldon64@gmail.com', 'category impedit', 'subcategory possimus', 'question qui', 1, 'comment qui', 63, 2),
	(56, '2019-12-05 09:22:08', 'Treutelburgh', 'Borer PLC', '7100 Fadel Branch', 'Laverne Greenholt I', '270.546.0784 x100', 'shaina36@yahoo.com', 'category ut', 'subcategory molestiae', 'question molestias', 1, 'comment et', 43, 2),
	(57, '2019-12-05 09:22:08', 'West Karlie', 'McKenzie and Sons', '941 Jacobi Spur Suite 543', 'Miss Laurence Mitchell', '380-948-6237', 'cauer@hotmail.com', 'category laborum', 'subcategory aut', 'question aut', 1, 'comment et', 70, 1),
	(58, '2019-12-05 09:22:08', 'Trompberg', 'Hagenes Ltd', '598 Lori Knoll', 'Ava Hartmann DVM', '334-470-3106 x113', 'hauck.ceasar@yahoo.com', 'category occaecati', 'subcategory accusantium', 'question eveniet', 1, 'comment et', 95, 2),
	(59, '2019-12-05 09:22:08', 'Lorishire', 'Altenwerth, Torp and Bergstrom', '5412 Mraz Divide', 'Sonia Tillman', '973-540-1196', 'blangworth@carter.net', 'category harum', 'subcategory ea', 'question architecto', 1, 'comment eius', 50, 2),
	(60, '2019-12-05 09:22:08', 'Kamillemouth', 'Farrell-Marvin', '42696 Jessie Glen Suite 366', 'Callie Towne', '(621) 505-9040 x848', 'price.vinnie@gmail.com', 'category laborum', 'subcategory dicta', 'question ea', 1, 'comment eaque', 96, 1),
	(61, '2019-12-05 09:22:08', 'East Marian', 'Will, Goyette and Frami', '750 Noemi Shoals Suite 451', 'Lilly Keeling', '(397) 720-6803 x77603', 'bode.furman@johnson.com', 'category officiis', 'subcategory asperiores', 'question et', 1, 'comment facere', 84, 1),
	(62, '2019-12-05 09:22:08', 'Leonardoland', 'Cassin, Kulas and Goldner', '551 Sasha Ranch', 'Leonardo Larson DDS', '775.214.2121 x3302', 'arnold.torphy@yahoo.com', 'category tempora', 'subcategory fugiat', 'question et', 1, 'comment unde', 95, 1),
	(63, '2019-12-05 09:22:08', 'Port Myleneview', 'Stracke, Adams and Kunze', '94959 Araceli Track', 'Troy Heaney IV', '295-588-0658 x3684', 'rosina40@stracke.com', 'category tempora', 'subcategory aut', 'question dolor', 1, 'comment enim', 41, 2),
	(64, '2019-12-05 09:22:08', 'Port Miracletown', 'O\'Connell Inc', '320 Schaefer Via', 'Ms. Margarete Gerlach II', '+1.228.246.8423', 'jacobi.natalia@skiles.org', 'category et', 'subcategory vitae', 'question unde', 1, 'comment consequatur', 64, 1),
	(65, '2019-12-05 09:22:08', 'Considinefort', 'Blanda PLC', '299 Brown Summit Apt. 522', 'Prof. Cheyanne Hauck', '510.231.0614 x2569', 'bradley15@hotmail.com', 'category earum', 'subcategory illum', 'question enim', 1, 'comment aut', 36, 1),
	(66, '2019-12-05 09:22:08', 'Dessieview', 'Shields-Luettgen', '422 Fritsch Overpass Suite 115', 'Scot McClure', '1-518-393-6086 x0136', 'zane.hirthe@rogahn.info', 'category eligendi', 'subcategory vel', 'question velit', 1, 'comment ex', 54, 1),
	(67, '2019-12-05 09:22:08', 'Darbyberg', 'Terry Inc', '538 Sanford Plain', 'Alek Lemke I', '+1-583-513-5904', 'vincent.conroy@runolfsdottir.com', 'category ut', 'subcategory odit', 'question et', 1, 'comment eveniet', 71, 2),
	(68, '2019-12-05 09:22:08', 'West Stephonfurt', 'Gislason-Weber', '536 Eichmann Cove', 'Vicky Nikolaus', '221.689.4344', 'jaleel27@schuster.com', 'category est', 'subcategory quae', 'question quis', 1, 'comment in', 95, 3),
	(69, '2019-12-05 09:22:08', 'Hillsburgh', 'Bauch-Monahan', '631 Devin Manors Suite 754', 'Gracie Casper DDS', '+14054537917', 'genoveva37@yahoo.com', 'category dicta', 'subcategory voluptatum', 'question at', 1, 'comment sit', 72, 3),
	(70, '2019-12-05 09:22:08', 'South Twilashire', 'Langworth Inc', '7600 Keebler Field Apt. 938', 'Prof. Mollie Stamm Sr.', '575-802-5600', 'rbalistreri@gmail.com', 'category qui', 'subcategory veniam', 'question ut', 1, 'comment laudantium', 38, 1),
	(71, '2019-12-05 09:22:08', 'Herzogmouth', 'Swaniawski, Hegmann and Murray', '251 Kshlerin Mills Apt. 151', 'Miss Shyanne Block', '901-705-0158 x16394', 'ramiro.schiller@gmail.com', 'category itaque', 'subcategory doloremque', 'question alias', 1, 'comment omnis', 61, 3),
	(72, '2019-12-05 09:22:08', 'Port Valentina', 'Bernier-Schoen', '7521 Aufderhar Parks', 'Otis Hammes Sr.', '603-346-0764 x59642', 'samantha.romaguera@gmail.com', 'category sint', 'subcategory ut', 'question aliquid', 1, 'comment molestias', 51, 3),
	(73, '2019-12-05 09:22:08', 'Abigalefort', 'Klocko-Mann', '408 Mertie Shoals', 'Prof. Buddy Hermiston Sr.', '(283) 678-1917', 'pietro24@hotmail.com', 'category molestias', 'subcategory vel', 'question corrupti', 1, 'comment soluta', 57, 3),
	(74, '2019-12-05 09:22:08', 'Stephaniaville', 'Nolan Ltd', '3580 Nick Haven', 'Arnoldo Kunze', '(398) 613-3901 x1547', 'trenton.goyette@jerde.com', 'category numquam', 'subcategory totam', 'question dolorum', 1, 'comment dignissimos', 38, 1),
	(75, '2019-12-05 09:22:08', 'Port Abigailbury', 'Cormier, Pagac and Schneider', '189 Nicole Highway Apt. 457', 'Nels Auer', '1-351-912-9023', 'lehner.lorine@blanda.com', 'category voluptatem', 'subcategory placeat', 'question eos', 1, 'comment pariatur', 42, 1),
	(76, '2019-12-05 09:22:08', 'Macbury', 'Stehr-Bogan', '608 Columbus Lodge Apt. 014', 'Mr. Hayden Morissette PhD', '1-515-468-9101', 'ohoppe@yahoo.com', 'category eum', 'subcategory atque', 'question enim', 1, 'comment enim', 40, 2),
	(77, '2019-12-05 09:22:08', 'North Cristopherport', 'Lockman, Rolfson and Fadel', '402 Blick Gardens', 'Dr. Ari Jones', '451.541.1103 x2801', 'aufderhar.malinda@hotmail.com', 'category est', 'subcategory ipsa', 'question et', 1, 'comment cupiditate', 93, 1),
	(78, '2019-12-05 09:22:08', 'Jamelville', 'Prosacco, Rodriguez and Schultz', '219 Ryder Station Apt. 999', 'Crystal Hermiston I', '1-380-445-0011', 'sbailey@gmail.com', 'category explicabo', 'subcategory nostrum', 'question corporis', 1, 'comment pariatur', 84, 3),
	(79, '2019-12-05 09:22:08', 'Nicoletteshire', 'Pouros-Jenkins', '910 Camilla Course', 'Luther Huels', '(503) 709-9898', 'ochristiansen@weimann.com', 'category eligendi', 'subcategory temporibus', 'question reprehenderit', 1, 'comment modi', 38, 1),
	(80, '2019-12-05 09:22:08', 'Ziemeville', 'Bergstrom, Howe and Blick', '816 Erick Station', 'Julio Streich', '1-510-204-7048 x719', 'qbradtke@gmail.com', 'category vitae', 'subcategory cum', 'question sapiente', 1, 'comment cupiditate', 52, 1),
	(81, '2019-12-05 09:22:08', 'North Kellie', 'Kreiger PLC', '303 Rozella Locks Apt. 964', 'Krystel Considine', '709.430.5479 x536', 'blick.kole@rempel.com', 'category dignissimos', 'subcategory ab', 'question saepe', 1, 'comment doloremque', 34, 3),
	(82, '2019-12-05 09:22:08', 'New Arvel', 'Willms-Wisoky', '893 Romaine Causeway', 'Camden Hodkiewicz', '705.225.0012 x3152', 'kgibson@ebert.com', 'category laudantium', 'subcategory blanditiis', 'question vero', 1, 'comment dolores', 31, 1),
	(83, '2019-12-05 09:22:08', 'Haleyfurt', 'Kuphal-Runolfsson', '20954 Rath Mills', 'Dr. Joshuah Howe', '(567) 682-6978', 'hickle.jose@keeling.com', 'category sint', 'subcategory id', 'question totam', 1, 'comment rem', 25, 2),
	(84, '2019-12-05 09:22:08', 'Port Brooklyn', 'Barton, Koss and Koelpin', '6524 Bryana Course', 'Ceasar Romaguera', '893.994.1113', 'charity.feil@schoen.com', 'category delectus', 'subcategory nobis', 'question eum', 1, 'comment maiores', 76, 3),
	(85, '2019-12-05 09:22:08', 'New Jeffrybury', 'O\'Hara-Sanford', '460 Schuppe Station', 'Fred Marquardt', '715-528-6820 x97795', 'rice.alta@hotmail.com', 'category rerum', 'subcategory voluptas', 'question illum', 1, 'comment qui', 76, 1),
	(86, '2019-12-05 09:22:08', 'South Candidashire', 'Leuschke Ltd', '2915 Kaylin Cove', 'Rebecca Hessel', '(853) 741-4730', 'lcummings@koch.com', 'category consequuntur', 'subcategory praesentium', 'question non', 1, 'comment rerum', 20, 2),
	(87, '2019-12-05 09:22:08', 'West Beulahborough', 'Nolan-Shields', '7638 Skiles Estate Apt. 800', 'Mrs. Gerda Von II', '375.723.3079 x386', 'fausto.casper@koelpin.com', 'category harum', 'subcategory quia', 'question consequatur', 1, 'comment excepturi', 31, 1),
	(88, '2019-12-05 09:22:08', 'Mertzmouth', 'Schinner Group', '8642 Becker Mountain Apt. 288', 'Dr. Velda Halvorson III', '(421) 417-8852', 'cummerata.mya@yahoo.com', 'category accusantium', 'subcategory et', 'question aut', 1, 'comment et', 54, 2),
	(89, '2019-12-05 09:22:08', 'Lake Carole', 'Ullrich Ltd', '4350 Weber Mission Suite 289', 'Ms. Eleonore Pfeffer II', '226-855-2238 x234', 'pwillms@gmail.com', 'category quod', 'subcategory qui', 'question id', 1, 'comment neque', 93, 2),
	(90, '2019-12-05 09:22:08', 'Emilfort', 'Green, Weimann and Cronin', '325 Emma Crest Suite 297', 'Ms. Destiney Gusikowski', '231.584.9972 x708', 'genevieve.schroeder@gmail.com', 'category placeat', 'subcategory dolores', 'question et', 1, 'comment excepturi', 38, 2),
	(91, '2019-12-05 09:22:08', 'Port Lorinestad', 'Rippin, Hauck and Pacocha', '55095 Kassulke Brook Apt. 969', 'Deven McDermott IV', '1-347-566-3384', 'becker.berneice@gmail.com', 'category dolore', 'subcategory ipsum', 'question est', 1, 'comment assumenda', 74, 2),
	(92, '2019-12-05 09:22:08', 'North Colleenmouth', 'Schamberger Inc', '43875 Armstrong Pines', 'Colton Tremblay', '763-915-7509 x726', 'collier.rogers@brown.net', 'category eos', 'subcategory repudiandae', 'question aut', 1, 'comment iste', 77, 3),
	(93, '2019-12-05 09:22:08', 'Mattieview', 'Wunsch Group', '7679 Mante Locks Apt. 358', 'Nona McGlynn DVM', '1-852-618-8134', 'tspinka@lueilwitz.biz', 'category ullam', 'subcategory rerum', 'question eaque', 1, 'comment earum', 25, 2),
	(94, '2019-12-05 09:22:08', 'Port Obieview', 'Schuppe Group', '594 Eric Streets Apt. 503', 'Trevion Osinski', '276-343-7437', 'satterfield.delphine@yahoo.com', 'category blanditiis', 'subcategory sunt', 'question nostrum', 1, 'comment autem', 34, 2),
	(95, '2019-12-05 09:22:08', 'Lake Kendalltown', 'McLaughlin-Reichel', '9762 Skiles Walk Apt. 213', 'Mr. Allen Abernathy', '+16632428222', 'wtorp@gmail.com', 'category consequatur', 'subcategory sint', 'question laboriosam', 1, 'comment alias', 68, 2),
	(96, '2019-12-05 09:22:08', 'Michalebury', 'Volkman-Schaefer', '5118 Beatrice Shoal', 'Miss Dena Runolfsson II', '752.813.9714', 'wilber.harvey@pacocha.com', 'category id', 'subcategory id', 'question aut', 1, 'comment aspernatur', 32, 2),
	(97, '2019-12-05 09:22:08', 'West Alayna', 'Pollich, Wintheiser and Graham', '74215 Johnathon Via Apt. 739', 'Maurice Daugherty', '+1-978-767-0865', 'iboyle@gmail.com', 'category excepturi', 'subcategory culpa', 'question delectus', 1, 'comment ullam', 64, 2),
	(98, '2019-12-05 09:22:08', 'South Daisy', 'Doyle-Hansen', '46561 Brakus Curve Suite 509', 'London DuBuque DVM', '1-671-204-8709', 'ftremblay@hotmail.com', 'category asperiores', 'subcategory et', 'question magni', 1, 'comment dolor', 96, 3),
	(99, '2019-12-05 09:22:08', 'Abrahamfort', 'Bogan-Doyle', '7946 Berge Square', 'Marcel Gislason', '1-625-712-2291 x36393', 'sebastian30@gmail.com', 'category rerum', 'subcategory maxime', 'question deleniti', 1, 'comment quia', 43, 2),
	(100, '2019-12-05 09:22:08', 'Port Yasmeen', 'O\'Conner-DuBuque', '9109 Ari Groves', 'Kelli Roberts', '992-490-8361 x0346', 'cronin.isabel@hotmail.com', 'category id', 'subcategory neque', 'question alias', 1, 'comment nesciunt', 30, 2);
/*!40000 ALTER TABLE `contacts` ENABLE KEYS */;

-- Дамп структуры для таблица komus_new.groups_users
CREATE TABLE IF NOT EXISTS `groups_users` (
  `id` int(11) NOT NULL AUTO_INCREMENT,
  `groups` varchar(45) CHARACTER SET utf8 DEFAULT NULL,
  PRIMARY KEY (`id`),
  UNIQUE KEY `gru_groupid` (`id`),
  KEY `gru_userid` (`id`)
) ENGINE=InnoDB AUTO_INCREMENT=4 DEFAULT CHARSET=utf8 COLLATE=utf8_unicode_ci;

-- Дамп данных таблицы komus_new.groups_users: ~3 rows (приблизительно)
/*!40000 ALTER TABLE `groups_users` DISABLE KEYS */;
REPLACE INTO `groups_users` (`id`, `groups`) VALUES
	(1, 'оператор'),
	(2, 'старший оператор'),
	(3, 'администратор');
/*!40000 ALTER TABLE `groups_users` ENABLE KEYS */;

-- Дамп структуры для таблица komus_new.maillog
CREATE TABLE IF NOT EXISTS `maillog` (
  `id` int(11) NOT NULL AUTO_INCREMENT,
  `DATETIME_` timestamp NOT NULL DEFAULT CURRENT_TIMESTAMP,
  `log` text NOT NULL,
  `contacts_id` int(11) NOT NULL,
  PRIMARY KEY (`id`),
  KEY `fk_maillog_contacts1_idx` (`contacts_id`),
  CONSTRAINT `fk_maillog_contacts1` FOREIGN KEY (`contacts_id`) REFERENCES `contacts` (`id`) ON UPDATE CASCADE
) ENGINE=InnoDB AUTO_INCREMENT=101 DEFAULT CHARSET=utf8 PACK_KEYS=0 ROW_FORMAT=DYNAMIC;

-- Дамп данных таблицы komus_new.maillog: ~100 rows (приблизительно)
/*!40000 ALTER TABLE `maillog` DISABLE KEYS */;
REPLACE INTO `maillog` (`id`, `DATETIME_`, `log`, `contacts_id`) VALUES
	(1, '1975-03-26 17:26:45', 'письмо отправлено', 62),
	(2, '2004-12-13 02:45:53', 'письмо отправлено', 36),
	(3, '2014-01-27 08:59:01', 'письмо отправлено', 69),
	(4, '1972-06-26 14:40:23', 'письмо отправлено', 54),
	(5, '1998-04-17 10:40:02', 'письмо отправлено', 83),
	(6, '1979-10-21 02:50:47', 'письмо отправлено', 71),
	(7, '2007-09-15 10:04:04', 'письмо отправлено', 29),
	(8, '1976-03-30 12:12:48', 'письмо отправлено', 89),
	(9, '1979-05-29 17:34:41', 'письмо отправлено', 77),
	(10, '2011-09-04 08:04:52', 'письмо отправлено', 85),
	(11, '1993-11-17 03:23:11', 'письмо отправлено', 36),
	(12, '1999-12-05 07:05:18', 'письмо отправлено', 27),
	(13, '1984-01-08 02:44:29', 'письмо отправлено', 41),
	(14, '2019-05-19 05:37:41', 'письмо отправлено', 90),
	(15, '2007-09-12 14:35:53', 'письмо отправлено', 78),
	(16, '2017-05-03 15:02:27', 'письмо отправлено', 92),
	(17, '2007-09-29 14:07:28', 'письмо отправлено', 59),
	(18, '1996-04-11 17:46:09', 'письмо отправлено', 88),
	(19, '2015-09-04 14:51:42', 'письмо отправлено', 48),
	(20, '2006-07-13 15:54:32', 'письмо отправлено', 53),
	(21, '1998-05-03 05:23:22', 'письмо отправлено', 29),
	(22, '2000-01-20 12:25:23', 'письмо отправлено', 47),
	(23, '2011-10-27 07:12:05', 'письмо отправлено', 47),
	(24, '2004-01-06 19:09:16', 'письмо отправлено', 36),
	(25, '2018-07-25 02:40:09', 'письмо отправлено', 71),
	(26, '2017-11-13 11:22:32', 'письмо отправлено', 96),
	(27, '2004-06-21 07:57:28', 'письмо отправлено', 62),
	(28, '1984-01-27 06:52:55', 'письмо отправлено', 35),
	(29, '2011-04-29 05:32:07', 'письмо отправлено', 95),
	(30, '1995-07-10 10:21:20', 'письмо отправлено', 54),
	(31, '2013-02-02 21:35:57', 'письмо отправлено', 94),
	(32, '1989-12-19 00:27:36', 'письмо отправлено', 52),
	(33, '1984-04-20 20:31:16', 'письмо отправлено', 38),
	(34, '1973-03-02 04:17:46', 'письмо отправлено', 98),
	(35, '1987-11-17 03:51:31', 'письмо отправлено', 34),
	(36, '2010-09-15 09:58:09', 'письмо отправлено', 52),
	(37, '2018-10-18 18:13:49', 'письмо отправлено', 76),
	(38, '1978-06-06 09:28:21', 'письмо отправлено', 79),
	(39, '1977-02-23 21:42:05', 'письмо отправлено', 64),
	(40, '1972-12-27 04:41:48', 'письмо отправлено', 69),
	(41, '1995-01-04 16:41:05', 'письмо отправлено', 78),
	(42, '1978-06-13 12:45:03', 'письмо отправлено', 91),
	(43, '1975-12-18 06:38:55', 'письмо отправлено', 39),
	(44, '1977-03-01 05:38:34', 'письмо отправлено', 68),
	(45, '2016-10-16 11:30:51', 'письмо отправлено', 36),
	(46, '1985-12-23 22:34:00', 'письмо отправлено', 82),
	(47, '1975-05-25 17:55:49', 'письмо отправлено', 27),
	(48, '1994-11-17 20:29:05', 'письмо отправлено', 32),
	(49, '2017-05-25 19:16:47', 'письмо отправлено', 65),
	(50, '1994-03-19 16:12:38', 'письмо отправлено', 55),
	(51, '2008-09-15 14:02:59', 'письмо отправлено', 63),
	(52, '1982-04-21 06:00:35', 'письмо отправлено', 84),
	(53, '2010-08-12 20:56:32', 'письмо отправлено', 31),
	(54, '1985-03-12 19:02:42', 'письмо отправлено', 35),
	(55, '2004-04-05 21:39:59', 'письмо отправлено', 94),
	(56, '1987-04-18 03:24:25', 'письмо отправлено', 61),
	(57, '2001-07-08 00:11:52', 'письмо отправлено', 38),
	(58, '2003-02-25 17:49:41', 'письмо отправлено', 53),
	(59, '1970-01-29 20:40:59', 'письмо отправлено', 90),
	(60, '2006-05-05 23:17:27', 'письмо отправлено', 51),
	(61, '1987-07-27 19:59:56', 'письмо отправлено', 38),
	(62, '1984-08-29 05:24:08', 'письмо отправлено', 51),
	(63, '2017-03-11 20:02:35', 'письмо отправлено', 28),
	(64, '1970-09-12 20:06:02', 'письмо отправлено', 65),
	(65, '1970-08-09 18:41:30', 'письмо отправлено', 30),
	(66, '2009-02-02 03:13:55', 'письмо отправлено', 70),
	(67, '2002-07-15 03:31:08', 'письмо отправлено', 77),
	(68, '1975-12-05 15:46:07', 'письмо отправлено', 66),
	(69, '1973-07-09 21:38:50', 'письмо отправлено', 54),
	(70, '1999-02-14 05:45:26', 'письмо отправлено', 94),
	(71, '1993-02-09 23:22:46', 'письмо отправлено', 85),
	(72, '2003-06-15 19:42:17', 'письмо отправлено', 52),
	(73, '2008-01-29 18:56:52', 'письмо отправлено', 96),
	(74, '1982-10-28 10:06:38', 'письмо отправлено', 56),
	(75, '2013-01-19 17:39:15', 'письмо отправлено', 74),
	(76, '2016-12-31 22:54:55', 'письмо отправлено', 73),
	(77, '2018-11-13 17:35:49', 'письмо отправлено', 86),
	(78, '1970-10-30 12:27:17', 'письмо отправлено', 81),
	(79, '2015-03-27 09:19:09', 'письмо отправлено', 28),
	(80, '1988-03-19 14:34:36', 'письмо отправлено', 91),
	(81, '1983-06-14 08:41:11', 'письмо отправлено', 71),
	(82, '2019-05-29 08:40:24', 'письмо отправлено', 29),
	(83, '2007-06-05 02:01:07', 'письмо отправлено', 41),
	(84, '2019-05-18 04:58:52', 'письмо отправлено', 47),
	(85, '2016-12-30 22:11:29', 'письмо отправлено', 54),
	(86, '1998-12-17 05:16:13', 'письмо отправлено', 88),
	(87, '1995-08-24 14:57:40', 'письмо отправлено', 44),
	(88, '1973-03-17 02:26:58', 'письмо отправлено', 32),
	(89, '2003-04-01 22:51:02', 'письмо отправлено', 71),
	(90, '2011-08-11 11:49:39', 'письмо отправлено', 57),
	(91, '2010-07-06 10:36:47', 'письмо отправлено', 41),
	(92, '2014-05-01 11:49:46', 'письмо отправлено', 66),
	(93, '1977-01-21 12:10:32', 'письмо отправлено', 84),
	(94, '2002-02-25 06:13:39', 'письмо отправлено', 28),
	(95, '2000-10-16 14:10:02', 'письмо отправлено', 38),
	(96, '1977-09-06 18:58:13', 'письмо отправлено', 40),
	(97, '1977-07-17 07:38:16', 'письмо отправлено', 41),
	(98, '1978-11-23 10:51:00', 'письмо отправлено', 97),
	(99, '1977-10-28 21:14:27', 'письмо отправлено', 71),
	(100, '1970-09-07 15:15:59', 'письмо отправлено', 65);
/*!40000 ALTER TABLE `maillog` ENABLE KEYS */;

-- Дамп структуры для таблица komus_new.regions
CREATE TABLE IF NOT EXISTS `regions` (
  `id` int(11) NOT NULL AUTO_INCREMENT,
  `name` varchar(255) DEFAULT NULL,
  `code` varchar(10) CHARACTER SET latin1 DEFAULT NULL,
  `subcode` tinyint(2) unsigned DEFAULT NULL,
  `timezone_id` int(11) NOT NULL,
  PRIMARY KEY (`id`),
  KEY `fk_regions_timezones1_idx` (`timezone_id`),
  CONSTRAINT `fk_regions_timezones1` FOREIGN KEY (`timezone_id`) REFERENCES `timezone` (`id`) ON UPDATE CASCADE
) ENGINE=InnoDB AUTO_INCREMENT=101 DEFAULT CHARSET=utf8;

-- Дамп данных таблицы komus_new.regions: ~100 rows (приблизительно)
/*!40000 ALTER TABLE `regions` DISABLE KEYS */;
REPLACE INTO `regions` (`id`, `name`, `code`, `subcode`, `timezone_id`) VALUES
	(1, 'North Lydia', 'mouth', 255, 4),
	(2, 'South Manleyfort', 'bury', 255, 3),
	(3, 'East Rupertchester', 'borough', 255, 5),
	(4, 'Welchfort', 'bury', 255, 5),
	(5, 'Valentineshire', 'side', 255, 7),
	(6, 'Lake Clairfurt', 'ton', 4, 5),
	(7, 'Kuphalland', 'ville', 255, 2),
	(8, 'Lake Sim', 'burgh', 23, 7),
	(9, 'Weimannbury', 'berg', 255, 2),
	(10, 'Pfefferport', 'ton', 9, 5),
	(11, 'North Floydhaven', 'port', 85, 6),
	(12, 'Lake Jaymeberg', 'town', 255, 1),
	(13, 'South Alfonzofurt', 'ville', 4, 4),
	(14, 'South Daniella', 'ville', 28, 5),
	(15, 'Jakubowskiside', 'ville', 6, 2),
	(16, 'Haileyside', 'ville', 255, 5),
	(17, 'Satterfieldmouth', 'ton', 255, 7),
	(18, 'South Lilyanfort', 'side', 5, 3),
	(19, 'Prestonside', 'furt', 255, 3),
	(20, 'Celineburgh', 'port', 255, 7),
	(21, 'Lake Rudolphville', 'side', 4, 3),
	(22, 'Guidofort', 'burgh', 18, 2),
	(23, 'South Chauncey', 'berg', 255, 2),
	(24, 'Alexanneview', 'chester', 255, 6),
	(25, 'Millsmouth', 'ton', 255, 7),
	(26, 'North Edgar', 'burgh', 129, 5),
	(27, 'Weberside', 'port', 8, 3),
	(28, 'North Kasandra', 'chester', 255, 7),
	(29, 'East Delphia', 'mouth', 255, 1),
	(30, 'Laurenland', 'borough', 255, 2),
	(31, 'Lake Elfriedafurt', 'ton', 255, 3),
	(32, 'Port Germaineburgh', 'side', 255, 4),
	(33, 'East Nakiastad', 'side', 38, 6),
	(34, 'Shanahanside', 'fort', 255, 7),
	(35, 'East Jettie', 'berg', 255, 2),
	(36, 'Monahanbury', 'shire', 69, 6),
	(37, 'Leonside', 'ville', 255, 7),
	(38, 'Lake Gusthaven', 'mouth', 255, 2),
	(39, 'Dustyville', 'fort', 14, 3),
	(40, 'Heathcoteton', 'shire', 255, 6),
	(41, 'New Porterport', 'furt', 255, 2),
	(42, 'East Weston', 'shire', 255, 4),
	(43, 'Lake Letha', 'view', 255, 6),
	(44, 'Harveymouth', 'port', 255, 5),
	(45, 'Carrollside', 'mouth', 255, 7),
	(46, 'New Gabrielle', 'haven', 255, 5),
	(47, 'Gottliebton', 'borough', 255, 5),
	(48, 'Vandervortchester', 'shire', 60, 1),
	(49, 'West Julio', 'view', 255, 1),
	(50, 'Leonelside', 'shire', 255, 7),
	(51, 'Lake Flavioport', 'burgh', 255, 5),
	(52, 'Delphineberg', 'berg', 75, 4),
	(53, 'North Phyllisfurt', 'ton', 255, 3),
	(54, 'Bertramfort', 'fort', 255, 4),
	(55, 'Lake Mikayla', 'mouth', 3, 3),
	(56, 'East Alice', 'view', 43, 2),
	(57, 'East Desmond', 'view', 255, 4),
	(58, 'South Annamae', 'shire', 30, 3),
	(59, 'Jenkinsview', 'side', 255, 3),
	(60, 'Mollyport', 'bury', 255, 1),
	(61, 'North Felipeton', 'town', 13, 5),
	(62, 'Prohaskashire', 'chester', 255, 4),
	(63, 'Mayertshire', 'berg', 255, 4),
	(64, 'Creminhaven', 'port', 31, 6),
	(65, 'Port Monroe', 'ton', 89, 4),
	(66, 'Bretmouth', 'mouth', 255, 3),
	(67, 'West Karolannside', 'chester', 255, 7),
	(68, 'Ortizshire', 'chester', 255, 3),
	(69, 'South Maxie', 'fort', 255, 1),
	(70, 'Fadelview', 'burgh', 7, 2),
	(71, 'Zackville', 'fort', 255, 2),
	(72, 'New Arturoland', 'mouth', 255, 7),
	(73, 'Jessville', 'fort', 255, 6),
	(74, 'East Minaborough', 'haven', 255, 3),
	(75, 'Port Gabriellaberg', 'haven', 255, 6),
	(76, 'Juliotown', 'haven', 255, 6),
	(77, 'Kemmerborough', 'town', 255, 7),
	(78, 'Guadalupetown', 'ville', 255, 3),
	(79, 'Lake Vernerburgh', 'shire', 255, 4),
	(80, 'East Chase', 'ville', 6, 2),
	(81, 'West Bo', 'ton', 91, 5),
	(82, 'South Deion', 'ton', 255, 1),
	(83, 'South Kurtstad', 'chester', 255, 1),
	(84, 'Port Trevaview', 'chester', 255, 4),
	(85, 'South Ford', 'chester', 255, 7),
	(86, 'Abbottchester', 'furt', 255, 7),
	(87, 'Amoschester', 'town', 255, 1),
	(88, 'East Fidelmouth', 'bury', 255, 3),
	(89, 'Tillmanmouth', 'furt', 161, 2),
	(90, 'Port Darenview', 'port', 255, 7),
	(91, 'West Mariannaborough', 'side', 255, 6),
	(92, 'West Annabel', 'furt', 48, 1),
	(93, 'Schroederfort', 'side', 255, 4),
	(94, 'Horacestad', 'side', 255, 1),
	(95, 'Lubowitzville', 'shire', 7, 1),
	(96, 'Rogersmouth', 'view', 255, 7),
	(97, 'Howelltown', 'mouth', 8, 5),
	(98, 'Lake Marilie', 'port', 255, 5),
	(99, 'Maurineville', 'chester', 255, 5),
	(100, 'South Benmouth', 'land', 8, 2);
/*!40000 ALTER TABLE `regions` ENABLE KEYS */;

-- Дамп структуры для таблица komus_new.timezone
CREATE TABLE IF NOT EXISTS `timezone` (
  `id` int(11) NOT NULL AUTO_INCREMENT,
  `zone` varchar(100) DEFAULT NULL,
  PRIMARY KEY (`id`)
) ENGINE=InnoDB AUTO_INCREMENT=8 DEFAULT CHARSET=utf8;

-- Дамп данных таблицы komus_new.timezone: ~7 rows (приблизительно)
/*!40000 ALTER TABLE `timezone` DISABLE KEYS */;
REPLACE INTO `timezone` (`id`, `zone`) VALUES
	(1, 'Africa/Abidjan'),
	(2, 'Africa/Accra'),
	(3, 'Africa/Addis_Ababa'),
	(4, 'Africa/Algiers'),
	(5, 'Africa/Asmara'),
	(6, 'Africa/Bamako'),
	(7, 'Africa/Bangui');
/*!40000 ALTER TABLE `timezone` ENABLE KEYS */;

-- Дамп структуры для таблица komus_new.users
CREATE TABLE IF NOT EXISTS `users` (
  `user_id` int(10) NOT NULL AUTO_INCREMENT,
  `user_login` varchar(100) CHARACTER SET utf8 NOT NULL,
  `user_password` varchar(32) CHARACTER SET utf8 NOT NULL,
  `user_email` varchar(64) CHARACTER SET utf8 NOT NULL,
  `user_firstname` varchar(255) CHARACTER SET utf8 DEFAULT NULL,
  `user_lastname` varchar(255) CHARACTER SET utf8 DEFAULT NULL,
  `user_gender` enum('мужчина','женщина','не указано') CHARACTER SET utf8 NOT NULL DEFAULT 'не указано',
  `user_birthdate` date DEFAULT NULL,
  `user_lastvisit` datetime DEFAULT NULL,
  `user_ban` tinyint(1) DEFAULT NULL,
  `timezone_id` int(11) NOT NULL,
  `groups_id` int(11) NOT NULL,
  PRIMARY KEY (`user_id`),
  KEY `user_password` (`user_password`),
  KEY `fk_users_timezones_idx` (`timezone_id`),
  KEY `fk_users_groups_users1_idx` (`groups_id`),
  CONSTRAINT `fk_users_groups_users1` FOREIGN KEY (`groups_id`) REFERENCES `groups_users` (`id`) ON UPDATE CASCADE,
  CONSTRAINT `fk_users_timezones` FOREIGN KEY (`timezone_id`) REFERENCES `timezone` (`id`) ON UPDATE CASCADE
) ENGINE=InnoDB AUTO_INCREMENT=101 DEFAULT CHARSET=utf8 COLLATE=utf8_unicode_ci;

-- Дамп данных таблицы komus_new.users: ~100 rows (приблизительно)
/*!40000 ALTER TABLE `users` DISABLE KEYS */;
REPLACE INTO `users` (`user_id`, `user_login`, `user_password`, `user_email`, `user_firstname`, `user_lastname`, `user_gender`, `user_birthdate`, `user_lastvisit`, `user_ban`, `timezone_id`, `groups_id`) VALUES
	(1, 'Georgette Ankunding', 'yHvzS?', 'wmetz@beahan.biz', 'Beth Rolfson', 'Hahn', 'не указано', '2018-01-17', '2003-06-27 20:12:39', NULL, 7, 2),
	(2, 'Alessia Kunze', '|-y!?oQr,J0lq.:', 'luettgen.sean@yahoo.com', 'Prof. Wilber Kihn PhD', 'Kling', 'не указано', '2016-10-04', '2019-05-29 11:39:08', NULL, 7, 1),
	(3, 'Sabina Marquardt', '~s)xC@*Q8.YT|cktxQz#', 'bgrant@yahoo.com', 'Ms. Maxie Simonis', 'Leffler', 'не указано', '2012-05-19', '1973-05-10 05:29:29', NULL, 3, 1),
	(4, 'Oscar Cassin', 'C"JBa-@T,GDWf:t7+wD', 'krussel@yahoo.com', 'Miss Irma Batz', 'Hill', 'не указано', '1998-05-03', '2002-08-29 11:17:45', NULL, 7, 3),
	(5, 'Jean Wuckert', 'x*I)5aGb-~&', 'nichole.padberg@gaylord.net', 'Max Kreiger', 'Sipes', 'не указано', '1996-12-08', '1998-06-03 12:55:31', NULL, 5, 3),
	(6, 'Marc Frami', ']~5p+>X;az4G;>u', 'thalia.denesik@hettinger.com', 'Jeff Barton', 'Deckow', 'не указано', '1985-01-22', '2001-10-02 16:13:08', NULL, 6, 2),
	(7, 'Alek Funk III', 'VDcbvhp.-7,P@', 'xbartoletti@gleichner.com', 'Mrs. Summer Dibbert I', 'Franecki', 'не указано', '1976-12-09', '1974-03-03 03:05:24', NULL, 2, 2),
	(8, 'Miss Ilene Rodriguez DDS', 'rKb!{j:Q&0"', 'maude.gottlieb@gmail.com', 'Everardo Streich', 'Fay', 'не указано', '2015-12-24', '1991-12-27 21:55:17', NULL, 3, 3),
	(9, 'Ms. Hassie Effertz DDS', '^)t;GGjaa\'ctM;B)6', 'mbartell@hotmail.com', 'Brooklyn Simonis Jr.', 'Rippin', 'не указано', '2019-03-19', '1999-10-15 15:12:37', NULL, 1, 2),
	(10, 'Martina Huels', 'kD30gU>[ciQ*DC!u!', 'mariano.rolfson@abernathy.com', 'Mrs. Asa Muller V', 'Bayer', 'не указано', '2005-10-01', '1993-01-22 00:48:53', NULL, 7, 3),
	(11, 'Avis D\'Amore', 'e^]0n6', 'everett74@swift.com', 'Prof. Zakary Welch Jr.', 'Simonis', 'не указано', '1983-09-29', '2003-10-10 13:42:46', NULL, 6, 1),
	(12, 'Darrion Jaskolski', 'B]sVUr\'GmSgh(qr|`\'', 'bsanford@barrows.com', 'Mrs. Brandyn O\'Conner II', 'Stroman', 'не указано', '1998-01-26', '1998-07-31 22:37:52', NULL, 5, 1),
	(13, 'Jordi Mueller', 'TK>of\\2DYY_6`s)G', 'sharvey@waelchi.com', 'Mrs. Jazmin Ryan', 'Fadel', 'не указано', '2006-08-17', '2008-09-27 03:26:24', NULL, 1, 3),
	(14, 'Sam Mertz', 'uAH"nX)6u6ZmeV<[d\\x', 'fcollier@hotmail.com', 'Ms. Mariana Swaniawski IV', 'Lockman', 'не указано', '2003-09-10', '2016-10-07 20:21:59', NULL, 2, 3),
	(15, 'Mr. Javon Wisoky', 'dVo5H29A', 'rosario.hauck@strosin.info', 'Kelly Braun', 'Kuvalis', 'не указано', '1973-06-01', '1985-02-20 03:45:52', NULL, 2, 1),
	(16, 'Dr. Norberto Schaefer DVM', 'PQMlQA_brS4?TR', 'thalia.brown@hotmail.com', 'Kimberly Gutmann', 'Torp', 'не указано', '1987-02-05', '2006-03-16 00:24:04', NULL, 5, 3),
	(17, 'Christine Gaylord', 'vQ?~FCtlbqidU`4O', 'powlowski.evie@yahoo.com', 'Godfrey Christiansen Sr.', 'Ledner', 'не указано', '2018-11-06', '1973-10-12 18:23:23', NULL, 6, 3),
	(18, 'Mr. Jovan Lowe', '1$dNx!q>9bs', 'qbatz@yahoo.com', 'Prof. Edmund Cronin DVM', 'Kiehn', 'не указано', '1977-01-23', '2005-01-10 00:36:07', NULL, 6, 3),
	(19, 'Maegan Harris', '#JE8=y:&`oEMKx|!\\8', 'xerdman@hotmail.com', 'Sierra Graham', 'Howell', 'не указано', '1993-08-15', '2017-01-25 21:47:28', NULL, 2, 2),
	(20, 'Mr. Zachary Kerluke MD', 'CMXKg),', 'abbey92@gmail.com', 'Adrienne Dach', 'Jast', 'не указано', '2003-08-20', '1997-08-05 19:58:31', NULL, 6, 2),
	(21, 'Dr. Richie Becker DVM', 'ug=C_=Fjeo[B\'w-kf1Ir', 'mschumm@yahoo.com', 'Miss Cecelia Kovacek Jr.', 'Ruecker', 'не указано', '1988-11-14', '1993-08-03 04:31:58', NULL, 3, 2),
	(22, 'Madelynn Muller', 'NvA"zxY2hA', 'ischmidt@balistreri.net', 'Prof. Heidi Hahn', 'Trantow', 'не указано', '2008-03-22', '1994-12-24 04:07:34', NULL, 3, 2),
	(23, 'Ramon Brekke', '++PN7un!2<!', 'karl.marks@gmail.com', 'Miss Krista Mertz MD', 'Cormier', 'не указано', '1996-11-07', '1983-10-19 14:53:42', NULL, 3, 1),
	(24, 'Dr. Lenora Legros', '{78DmZw?KZG', 'schmitt.marta@hotmail.com', 'Salvador Kreiger', 'Lind', 'не указано', '1992-10-18', '1991-01-21 04:26:39', NULL, 7, 2),
	(25, 'Ms. Kira Bins MD', '4/#q,>E~u]5PfDa!0@', 'noel27@klein.com', 'Abbigail Mante', 'Dare', 'не указано', '2011-09-18', '1975-12-07 01:43:10', NULL, 7, 3),
	(26, 'Thalia Brekke', 'k3XF+:f[n]!4-|9|pF', 'kiehn.willa@conroy.com', 'Brook Christiansen DVM', 'Boehm', 'не указано', '1980-02-17', '1990-05-03 19:52:53', NULL, 6, 2),
	(27, 'Lilian Cremin', '81YJD[', 'erik83@hotmail.com', 'Myra O\'Hara', 'Hagenes', 'не указано', '1973-04-30', '1972-02-09 22:36:42', NULL, 1, 2),
	(28, 'Alda Quitzon DDS', '=xDO8G@Rr{|Sb', 'hammes.monte@halvorson.org', 'Kelly Casper', 'Wunsch', 'не указано', '2005-12-17', '2006-12-15 06:56:44', NULL, 6, 3),
	(29, 'Prof. Johnpaul Rau', '3}`3I,>/}mH}7kxd', 'bashirian.karen@bergstrom.com', 'Miss Nyasia Ryan', 'Jerde', 'не указано', '1997-11-23', '2009-01-25 17:52:06', NULL, 5, 1),
	(30, 'Gerry Friesen', '1TwEXUrr_dU@9@SL[', 'tromp.grayce@hotmail.com', 'Miss Berneice Krajcik', 'Rowe', 'не указано', '2009-03-06', '2017-06-29 07:26:20', NULL, 7, 1),
	(31, 'Mrs. Millie Gerlach', '<md{;2in[grm88[cfD', 'candelario.greenholt@rempel.com', 'Dr. Rubie Botsford MD', 'Feest', 'не указано', '2006-11-02', '1994-03-22 20:58:50', NULL, 3, 1),
	(32, 'Rhett Waelchi Jr.', '$[{kCO', 'dgleichner@shanahan.org', 'Dr. Hillard Rosenbaum Jr.', 'Reilly', 'не указано', '1990-06-10', '2007-02-24 14:47:33', NULL, 3, 2),
	(33, 'Ms. Marguerite Hagenes DDS', 'y4^(\\[Nx}5LLC}1z*{D9', 'heaney.lorenza@johnston.com', 'Odessa Goldner II', 'Roberts', 'не указано', '2004-04-04', '2019-03-10 23:03:51', NULL, 5, 2),
	(34, 'Sonia Pagac', 'e9D*`XQSAXO', 'bsteuber@hotmail.com', 'Desiree Beatty', 'Maggio', 'не указано', '1997-10-30', '1981-06-09 21:51:47', NULL, 1, 1),
	(35, 'Barrett Glover', 's)A#q\\9@yRpMRy', 'zemlak.naomi@hotmail.com', 'Carley Farrell', 'Fahey', 'не указано', '1998-01-30', '2016-01-24 18:06:57', NULL, 4, 2),
	(36, 'Dr. Deshawn Jast DDS', 'u8)Xgf', 'dorcas63@yahoo.com', 'Dr. Jordon Zboncak I', 'Abshire', 'не указано', '1996-02-03', '1978-06-09 19:27:12', NULL, 1, 3),
	(37, 'Gloria Grant', '{SJ}T7)ETz`L9La]Lk', 'pacocha.granville@yahoo.com', 'Prof. George Walter', 'Walsh', 'не указано', '1992-02-06', '2007-12-26 23:56:09', NULL, 7, 2),
	(38, 'Josianne Gutmann', 'r>;v(E|', 'myrl.welch@yahoo.com', 'Prof. Vernie Langosh I', 'Ryan', 'не указано', '1997-05-13', '2010-05-27 16:20:04', NULL, 3, 3),
	(39, 'Aidan Morissette', 't%,4Kop5/4E|&/XEN', 'rogahn.mikel@yahoo.com', 'Mrs. Susana Abernathy', 'Bode', 'не указано', '2014-09-23', '2001-11-22 18:55:28', NULL, 7, 2),
	(40, 'Ardella Ernser', 'w5X$!`QRtp^qWo', 'yshields@jones.org', 'Godfrey Dach', 'Metz', 'не указано', '2019-05-19', '2014-12-15 18:55:16', NULL, 4, 2),
	(41, 'Mrs. Ettie Robel II', 'jQ(LT:w', 'lebsack.glen@hotmail.com', 'Hillard Huel', 'Christiansen', 'не указано', '1971-04-02', '1986-12-02 18:15:59', NULL, 4, 2),
	(42, 'Elijah Hilpert', ';NpEM5YV,EpiMZX3.', 'leffler.damian@yahoo.com', 'Golda Lowe', 'Hermann', 'не указано', '2019-08-09', '2017-03-19 15:31:43', NULL, 2, 1),
	(43, 'Mrs. Maurine Schuster IV', 'fFF[8mQ]', 'lambert.klein@waelchi.biz', 'Dr. Mae Gleason IV', 'Kautzer', 'не указано', '1991-02-08', '2001-06-21 11:17:29', NULL, 3, 3),
	(44, 'Maegan Heaney', 'AEJi>|', 'yschamberger@corwin.org', 'Vanessa Treutel', 'Nader', 'не указано', '1999-04-17', '2005-01-28 10:06:47', NULL, 2, 2),
	(45, 'Arne Shanahan', 'rs*u%-J=a', 'huel.idella@yahoo.com', 'Colby Turcotte', 'Berge', 'не указано', '1971-04-09', '1982-03-22 21:19:43', NULL, 7, 3),
	(46, 'Prof. Davonte Hegmann', 'Z`v8NarbQvf+yw&`</', 'nayeli64@gmail.com', 'Dr. Vella Wuckert V', 'Pollich', 'не указано', '1972-07-01', '2001-10-12 00:08:01', NULL, 6, 1),
	(47, 'Prof. Donnell Larkin V', '9ZJC?7FW]%&7?])*50t', 'tweber@cronin.com', 'Lyda McKenzie PhD', 'Waters', 'не указано', '1992-09-19', '2018-05-11 12:13:26', NULL, 3, 3),
	(48, 'Liam Herzog', '%@qVx_bO]8;iE9T2[UZ', 'uhand@yahoo.com', 'Jena DuBuque DVM', 'Ratke', 'не указано', '2007-07-31', '2000-10-31 22:45:55', NULL, 7, 2),
	(49, 'Claudia Ondricka', ':}sWbT>X+7~5e_,', 'boehm.jerod@hotmail.com', 'Vicky Gibson', 'Lebsack', 'не указано', '1990-05-24', '1987-04-10 16:44:58', NULL, 3, 3),
	(50, 'Clarabelle Bogisich', ':%h7$g9\'<399Gn;', 'barrows.lottie@rath.com', 'Marcelino Gerlach', 'Streich', 'не указано', '2012-05-27', '2017-04-14 07:05:36', NULL, 2, 2),
	(51, 'Travon Howell III', '{?[Ca\\LIE', 'kristina70@yahoo.com', 'Randi Lind', 'Bartoletti', 'не указано', '1989-09-28', '2006-05-26 03:31:11', NULL, 5, 1),
	(52, 'Prof. Vida Deckow MD', '$~MqS29LW', 'emmanuelle.gleason@yahoo.com', 'Rosario Gerlach', 'O\'Hara', 'не указано', '1970-05-03', '2002-02-28 23:03:12', NULL, 4, 2),
	(53, 'Dr. Stephan Krajcik', '90EYNPNqzKSRV', 'ashleigh.price@zieme.biz', 'Mr. Gabe Dickinson Jr.', 'Corwin', 'не указано', '1980-09-09', '1996-06-09 14:07:05', NULL, 6, 1),
	(54, 'Mrs. Addie Romaguera IV', '?zB!Gy>CR164<KG:mm', 'khalil81@hotmail.com', 'Raymundo McCullough', 'Stark', 'не указано', '1980-05-24', '2018-11-18 11:04:38', NULL, 1, 1),
	(55, 'Ernie Barton', 'X/$o&Q$f,uC+', 'kolson@pagac.info', 'Ms. Kiarra Bailey', 'Hilpert', 'не указано', '1991-10-22', '2019-06-14 09:35:46', NULL, 1, 3),
	(56, 'Mrs. Eleanore Gleason DVM', 'X0D5r<KzC,jNFj*', 'wquigley@gmail.com', 'Marcos Beatty', 'Considine', 'не указано', '2000-07-26', '1989-09-29 03:57:05', NULL, 4, 1),
	(57, 'Lonnie Schaden', '4@4;uY', 'lemke.elda@jenkins.com', 'Turner Thompson', 'Bernier', 'не указано', '1971-09-19', '1971-11-16 05:52:40', NULL, 1, 1),
	(58, 'Prof. Greta Hermann', '.h0u0Ix4;', 'hand.dina@yahoo.com', 'Conner Raynor II', 'Kunde', 'не указано', '1971-01-07', '1998-07-10 05:08:06', NULL, 5, 3),
	(59, 'Cheyenne Wiza III', '\'1|8\\[!', 'vivian24@feest.com', 'Carissa Dietrich', 'Sauer', 'не указано', '2017-07-05', '1987-09-15 06:59:36', NULL, 4, 2),
	(60, 'Davonte Waters V', 'HdgMg]Q/&%', 'karson.borer@ullrich.info', 'Taryn Douglas', 'Schaefer', 'не указано', '2003-12-17', '2014-03-11 05:05:53', NULL, 5, 1),
	(61, 'Jackeline Glover MD', 'j6NAH8PR--p<DGGw+', 'greenfelder.deangelo@hotmail.com', 'Wayne Rosenbaum', 'Nolan', 'не указано', '1991-09-21', '1995-08-01 11:01:25', NULL, 6, 1),
	(62, 'Darren Morissette', '#;zch\\G8T8v~<', 'reichert.malvina@skiles.net', 'Joannie Weissnat', 'Reichel', 'не указано', '1984-02-22', '1977-10-11 22:48:27', NULL, 1, 2),
	(63, 'Anita Rosenbaum', 'SPaa@cM,z(!)\'&1d>{', 'mose.reichert@reinger.com', 'Dr. Stacey Gleason PhD', 'Kling', 'не указано', '2013-01-08', '1977-12-27 12:04:08', NULL, 7, 3),
	(64, 'Kaylee Abbott DDS', 'A{t^0%}\\dOD', 'katelin05@gmail.com', 'Dr. Nya Oberbrunner DDS', 'Reichert', 'не указано', '1972-05-27', '1975-11-25 17:25:28', NULL, 4, 2),
	(65, 'Jaida Becker MD', 't%mqc<lL<b8#I!ms', 'hdach@hotmail.com', 'Miss Karine Batz', 'Harvey', 'не указано', '2006-04-13', '2018-07-23 01:26:42', NULL, 7, 1),
	(66, 'Mr. Don Orn', '^W.2Y:,b_|R^', 'mabelle26@gmail.com', 'Quinn Fadel', 'Bogisich', 'не указано', '2012-02-14', '1988-02-24 04:06:24', NULL, 3, 1),
	(67, 'Krystel Kihn', '4rf_eO=a^Tf', 'gdaniel@yahoo.com', 'Noe Nader', 'Hayes', 'не указано', '1980-12-13', '1994-01-03 01:26:33', NULL, 7, 3),
	(68, 'Prof. Lucie Upton I', '-q&H*|PGwN7D', 'brenna.hane@hotmail.com', 'Dahlia Lehner', 'Crona', 'не указано', '2019-03-14', '1980-09-15 18:55:56', NULL, 7, 2),
	(69, 'Genevieve Ledner', 'n[/U@u', 'granville34@altenwerth.com', 'Mr. Jameson Brekke', 'Quitzon', 'не указано', '1979-04-02', '2008-10-24 08:43:45', NULL, 6, 2),
	(70, 'Ashleigh Romaguera', '#Z3j7D', 'lolita.stehr@gmail.com', 'Dr. Alexandro Quigley', 'Fadel', 'не указано', '2012-09-30', '1988-08-12 18:11:14', NULL, 1, 2),
	(71, 'Kaci Monahan', 'ZWT}ijm1khB/[mk-8K', 'nbeatty@grady.com', 'Jarrod McLaughlin', 'Schuster', 'не указано', '1970-12-13', '2018-05-15 05:56:06', NULL, 7, 3),
	(72, 'Dr. Andreanne Crooks III', '$-!1aq2=^uFd%(Hu<d<', 'rath.clay@gmail.com', 'Miss Abbey Quitzon', 'Ritchie', 'не указано', '1971-04-06', '1992-06-26 15:31:41', NULL, 7, 3),
	(73, 'Kennedy Blick', ')35;1imvRxX$U~', 'phyllis.larson@yahoo.com', 'Korey Terry II', 'Ritchie', 'не указано', '2018-08-21', '2013-01-14 14:19:57', NULL, 6, 2),
	(74, 'Mrs. Freida Parker PhD', '2-7Z]>\\0AmIbI', 'brakus.reed@yahoo.com', 'Marie Collins', 'Williamson', 'не указано', '1972-09-07', '2002-07-10 00:42:41', NULL, 7, 2),
	(75, 'Dominique Powlowski IV', 'c}Wt%|:q,{;ibqjUkLBx', 'orpha69@gmail.com', 'Mr. Olaf Lehner II', 'Rath', 'не указано', '1974-01-28', '2001-04-29 11:31:41', NULL, 3, 3),
	(76, 'Adam Hahn DDS', ')zbLe8G?LmE:', 'loconner@hane.com', 'Lauren Lakin', 'Moen', 'не указано', '2013-06-26', '1971-12-10 00:41:33', NULL, 3, 2),
	(77, 'Kenna Halvorson', '=-KsKj[M', 'fpadberg@yahoo.com', 'Hilbert Wilderman MD', 'Ankunding', 'не указано', '2006-01-18', '1972-05-04 11:18:12', NULL, 3, 1),
	(78, 'Roscoe Kovacek', ')_:il^!ICcV]hV<O$JM!', 'marisa.schroeder@hotmail.com', 'Dr. Shirley Kunde IV', 'Hegmann', 'не указано', '1988-12-28', '1984-10-27 12:08:09', NULL, 1, 1),
	(79, 'Noah Ritchie', 'h4Z0rFCZ7Tiv8KLX[iX', 'qwuckert@yahoo.com', 'Grayce Tillman', 'Mueller', 'не указано', '2004-01-10', '2001-02-04 12:02:42', NULL, 7, 1),
	(80, 'Dr. Newell Boehm', '`C6\\CGla', 'eliza23@ritchie.com', 'Leanne Hand', 'Olson', 'не указано', '1995-04-19', '1976-04-02 00:10:07', NULL, 2, 1),
	(81, 'Dr. Linwood Wilderman DDS', 'FzM>eqZ2E\'-', 'fritz.dicki@price.com', 'Dennis Koelpin', 'Bins', 'не указано', '1985-02-19', '2011-01-16 04:21:04', NULL, 2, 1),
	(82, 'Ellsworth Larson', 'uXOm-AB9Oev\\f;a+PZ_K', 'brett31@hegmann.com', 'Mr. Lindsey Collier', 'Daniel', 'не указано', '1989-11-20', '2004-06-02 12:58:49', NULL, 5, 2),
	(83, 'Dr. Judson Weimann MD', '<S[BXx1?hLN=M\\J9#GL', 'watsica.ulices@gmail.com', 'Theodora McClure DVM', 'Batz', 'не указано', '1986-03-16', '2006-05-02 07:32:01', NULL, 6, 3),
	(84, 'Nora Hintz', 'nmx4vXb;Zex~[K,i', 'schulist.aletha@hayes.com', 'Scotty Torphy', 'Hammes', 'не указано', '2014-06-08', '1981-10-05 02:33:21', NULL, 2, 2),
	(85, 'Libbie Friesen', 'Y\'Ck^WUr~9;^_*9eny&', 'dangelo78@cruickshank.org', 'Rahsaan Okuneva', 'Barrows', 'не указано', '2006-10-24', '2014-03-31 10:49:24', NULL, 4, 3),
	(86, 'Malachi Hyatt V', '1Ex"j;c40q),_[/fJa', 'schimmel.dedrick@mosciski.biz', 'Rodolfo Willms', 'Waelchi', 'не указано', '2001-11-16', '1999-03-04 04:11:53', NULL, 4, 2),
	(87, 'Ubaldo Bauch', ':9>J^*v9!D~~3^QNL', 'shields.keven@gmail.com', 'Jeff Bartell', 'Volkman', 'не указано', '2015-09-24', '1977-04-12 19:23:59', NULL, 3, 3),
	(88, 'Fidel Satterfield II', 'S]UO&8', 'ywunsch@gmail.com', 'Dr. Gerhard Barton IV', 'Ferry', 'не указано', '1993-09-30', '2013-11-23 21:58:10', NULL, 3, 1),
	(89, 'Leann Larson PhD', '*2Jhoc', 'hkris@gmail.com', 'Bert Cole', 'Tillman', 'не указано', '2012-02-22', '2000-08-09 22:28:05', NULL, 6, 1),
	(90, 'Dr. Trent Abernathy', 'jsOqj#', 'flavio.mills@conn.com', 'Floy Gislason III', 'Witting', 'не указано', '1989-06-12', '1982-09-12 21:54:23', NULL, 3, 3),
	(91, 'Prof. Akeem Kris', '}YMw6V;(M<Fs~', 'velva19@goldner.biz', 'Golda Wisozk', 'Emard', 'не указано', '1991-11-23', '1996-03-13 12:47:21', NULL, 6, 3),
	(92, 'Thaddeus Gleichner', 'ZcV^`!o', 'darby09@donnelly.com', 'Nick Olson', 'Lemke', 'не указано', '1999-03-09', '2014-12-03 00:56:03', NULL, 7, 2),
	(93, 'Kiley Murray Sr.', '7rTQ~uezd`aP54%qS', 'dagmar64@hotmail.com', 'Johnathon Macejkovic', 'Beer', 'не указано', '1974-06-28', '2018-03-22 12:43:35', NULL, 6, 3),
	(94, 'Ofelia Bernier', 'N(WdHS?61', 'carolanne.vandervort@gmail.com', 'Wade Volkman', 'Gottlieb', 'не указано', '1995-10-04', '2014-10-02 23:19:21', NULL, 3, 1),
	(95, 'Miss Pascale Macejkovic', 'u/y!Gx,Y]D,ASNNQ', 'houston.hills@hotmail.com', 'Mrs. June Langworth', 'Emmerich', 'не указано', '1985-04-23', '1983-09-10 15:38:24', NULL, 6, 2),
	(96, 'Mr. Hunter Lehner DDS', 'o"@sp7arc_OE11kU', 'ebert.gerda@zieme.info', 'Garett Lemke', 'Hackett', 'не указано', '1984-08-07', '1989-08-21 04:02:21', NULL, 5, 2),
	(97, 'Jakayla Cruickshank', 'FC9)v1w78\'s0c', 'bbailey@hotmail.com', 'Ms. Dayna Miller IV', 'Veum', 'не указано', '1990-07-14', '2008-04-13 20:37:09', NULL, 5, 1),
	(98, 'Cassie Bergnaum', 'J5bKETDXZ', 'monahan.pascale@lind.info', 'Yesenia Rohan', 'Lakin', 'не указано', '2003-11-27', '1986-04-23 13:30:06', NULL, 7, 3),
	(99, 'Kathlyn Macejkovic', 'N}a=+##,z.T_6#Kp%`Ox', 'jaycee.turcotte@yahoo.com', 'Kayleigh Konopelski', 'Lang', 'не указано', '1981-05-05', '2011-12-15 05:48:37', NULL, 2, 1),
	(100, 'Dr. Leo Green', 'MPNs}$KR$$v', 'turner.zulauf@gmail.com', 'Sofia Murphy', 'Littel', 'не указано', '1980-10-10', '1976-01-08 16:51:08', NULL, 4, 2);
/*!40000 ALTER TABLE `users` ENABLE KEYS */;

/*!40101 SET SQL_MODE=IFNULL(@OLD_SQL_MODE, '') */;
/*!40014 SET FOREIGN_KEY_CHECKS=IF(@OLD_FOREIGN_KEY_CHECKS IS NULL, 1, @OLD_FOREIGN_KEY_CHECKS) */;
/*!40101 SET CHARACTER_SET_CLIENT=@OLD_CHARACTER_SET_CLIENT */;
